GPT2 ppnn perplexity,GPT2 pnnp perplexity,GPT2 nnpp perplexity,GPT2 nppn perplexity,FlanT5 ppnn perplexity,FlanT5 pnnp perplexity,FlanT5 nnpp perplexity,FlanT5 nppn perplexity,OPT ppnn perplexity,OPT pnnp perplexity,OPT nnpp perplexity,OPT nppn perplexity,Mistral ppnn perplexity,Mistral pnnp perplexity,Mistral nnpp perplexity,Mistral nppn perplexity,Llama-13b ppnn perplexity,Llama-13b pnnp perplexity,Llama-13b nnpp perplexity,Llama-13b nppn perplexity
64.07249048455692,87.46557512857984,83.03687784928275,65.50031792789892,22.00709934831363,24.490991802862965,22.085059149671974,22.77438814554952,54.89669299089845,61.68514454407329,57.38118560196929,67.07740582381254,28.736802419470333,32.64662159049084,31.78972618917153,32.771341713246386,21.40117456000775,25.925142757314056,26.144210430903463,24.501960102030147
90.26285981016264,72.0916256970413,69.24803299747265,88.30163880866232,23.03893963532966,24.85657656069976,23.34557719583051,23.972607657296795,58.83815139506424,53.67012483017654,53.76887237389205,65.15967409862347,36.4779272233025,35.1086604965179,35.6918057324037,40.76465507215365,29.776306621029367,26.926940697730466,27.595420672897127,32.46674272785572
18.92985127266186,23.0985818315196,20.649239480246,20.44992844516245,8.214718360592837,9.775889972347398,8.684155996559735,8.619624555682156,19.96121425322784,22.703043470831915,21.48611969778053,24.56138394586465,16.924371157706478,18.017523024106776,17.018792267323203,19.40332736106201,13.993974077046447,16.23080163243354,15.45990683842678,15.71983208361088
62.94191965291208,66.69538151397975,64.16690500045928,63.62467128677063,13.269941400800748,13.89859197896457,13.160695118088183,13.641459412442954,41.26797654884223,50.85150803506654,52.16340667431771,46.21526372857068,38.168468205667246,36.61838413733262,36.0788718276715,44.84895914233695,29.68575907844121,33.945577395551496,35.47612922163301,32.8862889104701
79.0481833886134,74.66120585895615,68.80720478960454,77.83297180957585,12.210886855296549,12.8632107474145,12.394152498274034,12.427473421313586,45.953632732376605,46.29050466467852,45.74584846644318,48.42213097081445,27.58258094344368,31.079034222059185,31.76160441690463,28.95211513080185,25.76889533885119,28.35564087508563,28.57978805495243,26.778014741101707
37.64483509012157,44.626864870989785,42.102637927628365,40.41639175954005,11.110777599913568,12.461605876751872,11.899245567057111,11.473003103944224,28.97127652277241,33.30909645006944,33.15129249269512,34.027336654299404,20.552147387260412,21.574040530349933,22.19504911681745,22.069747154357664,18.93191393033768,21.40143988840923,22.382874963809677,21.546847762630687
69.70335072899812,74.19423126284299,69.42531296477539,69.60573516836094,20.207723681881237,22.605131479125635,21.21397834473236,20.69103999482575,50.50142735137276,59.12617779815277,60.234377042185685,55.02754938159045,32.218869798629875,36.06278990976398,35.27215705333531,35.25128235100962,23.59414487752172,25.67817043490044,26.17776691602371,25.304664363158157
60.32572471991235,79.13820806866609,67.72255547494468,63.8747572255003,20.463189616039983,24.280004661677136,21.813224881681585,22.416680469093187,51.752272968186105,62.12408160717737,59.127559298663336,65.15411270683498,43.00007494162396,42.47530400747439,42.10824957213991,48.69852428225463,34.564359407638875,33.02393744247382,32.314300816259504,39.25438890518158
46.43425730675349,38.16252632123,36.59301335781844,45.21705430339034,17.631643019873366,15.72010943065964,15.536523802814704,17.994555614663483,29.13689452513739,33.47828968290518,34.08794412595297,32.708809129897844,24.990031634362914,29.614777527784632,29.09919793258244,26.191957158303204,20.069118172984517,19.96854465035937,20.78079009736249,20.717582435754636
121.08751606608172,110.4206918625418,104.41477825893126,123.19504900916291,17.491371240847165,19.170926561668853,17.412344406062523,17.928534451676462,73.40026342912236,78.22834228719613,78.38008532982262,82.94079665233679,49.47194846726364,53.640280168415394,52.37287503993763,56.04433500550536,45.59410548034141,51.27785378226095,50.71013362304807,50.21085083317677
55.72591766235591,60.544854969177045,57.21078555530721,55.05626253340394,12.155213228923271,11.994399707995846,11.585952104747529,12.339373037895005,38.90408256911487,37.66595972671878,39.92244761899603,41.74443674158914,23.616701785536357,23.75571364914808,22.537046475938343,24.84757618695497,22.35916681615295,19.50769460467614,19.67464084402121,22.674589844204608
51.32539668878819,57.16320135643994,49.10482881390266,50.7007041142181,17.88039144357286,17.36186165803677,15.661312877372488,18.571240419188143,47.40758757974479,51.91035059593641,53.47984160654428,61.14072981487487,38.75522801236086,42.16379395580813,45.3701384410576,45.95242756619977,28.28073886148823,30.786076049401583,30.32811113748037,30.935224758381743
70.26431240935783,69.65391139476279,64.6932734176024,68.94711672919769,27.479540704033493,30.599875817511816,28.873351958370986,27.83152169855389,42.90604388569014,47.40841269495102,46.48750509983148,48.251938111966176,29.61576604412719,35.69893748091474,35.4289640230744,33.721007264184664,26.568454684829195,28.16749408502416,28.52462109664465,28.1769110055909
42.36021606604367,36.46467537923693,33.87766207263837,39.35981871015651,17.88788739919327,17.355181967232316,16.328989859677296,18.246340137392487,28.36682496633008,28.12350735452805,27.151029553040107,30.31429625442454,18.83571451658353,18.25568690295467,17.982358318126963,20.383819426202496,16.74213028626743,18.689218484392686,17.704563844006646,18.19624610542753
58.15413584237383,62.697817906084985,58.69383914514196,59.12558573638657,19.393425379015305,23.699595107975423,22.71007582250343,20.646379321029453,35.2141033854019,41.682298881793336,40.04905034088912,39.35122380207944,27.08003265047004,30.086041222909177,30.347626071703747,31.69536071570782,20.35806376116705,22.146793610962376,21.6807152699238,22.268487014132653
33.40946123578479,36.04642295842434,33.244594528148475,34.52850587680429,11.704337586508824,10.54608408114719,10.324954500923994,12.23622105054702,26.575752931068457,24.96680589150862,24.83216047669828,28.80245192465192,18.366742097492263,17.816560387601047,17.961405499118452,20.608122833151228,15.321310600898176,14.5597455230613,14.827483026034953,15.922961454743396
42.64561445577007,40.71494330439092,38.76194605013332,39.8748466805195,12.726505511571176,12.745362069033366,12.36013112593032,12.727937751247577,27.45131766884645,29.477736470862165,31.18555466542549,30.29871056335107,20.955528586013816,19.878946696191974,19.67050868328535,22.77041385148581,18.33433567054049,20.074812953062395,20.20460674308363,19.118244003634853
61.3093271870071,73.68592765519963,68.1562396460382,63.52211851600658,21.361437994784765,22.39184740682973,21.0524080804367,22.22795618607858,51.02133221548323,60.11134297797352,60.94538888502832,57.24762571994136,37.03445119324984,40.891793449858575,40.71563252134843,38.88119747714071,28.61697552450717,30.49439616439885,30.807663133430676,31.17035335558042
55.99427655859739,54.605466197188335,47.863324934102366,58.68580730994832,22.702421004218348,24.78598843497112,23.570929514920547,22.803782518144427,51.405525392724336,55.26958553354012,55.42138522776281,54.2858783460144,37.40925753433301,39.198209777520056,38.70039068504917,40.72321467794448,36.54496446367689,34.75249578063121,36.336276369019416,38.82149820699407
62.36089429995952,82.8857228348089,76.60019955150993,62.28650951175517,22.87242794200216,22.4941497069094,21.309547798995787,22.34346234614772,46.29954445411526,57.436181155981686,59.52019292496581,52.36992826955874,23.51949197480666,29.351026955540306,30.12076456367084,25.95547228364036,22.75705727275161,25.046691646523826,25.46658986140252,26.23394232645552
87.6215307423214,90.34226173779528,81.04003058160536,88.83312970006253,29.766553883793108,25.991711296000176,24.829733211483845,30.43324779957976,36.17858465073345,45.774487410334096,44.9905734788202,39.7179689352192,31.55627473303062,32.96706092612396,33.58488096733873,38.17366470046377,20.733651777283995,21.888900899035093,21.7247022255444,22.70741204276738
28.425983217427834,30.71412576810711,28.54233587735525,27.97629317139485,10.215746082320528,10.241935758279654,9.728070697049969,10.559521951481338,20.139900592042217,21.87591535668244,22.437576716050746,22.60913082950004,18.312138815699527,20.570329576381543,20.155944745770245,20.04246990816056,17.935400606227883,18.87904646228528,18.955612239268834,18.762348124182747
36.18036157759904,40.56318298698624,37.11821602952785,39.27868296147712,16.784971340079686,18.426687126784564,16.844680830988057,18.34144032190127,28.98007774757309,35.5215278599626,33.50823499096985,35.22252527592421,28.3519498759942,29.88794480909938,27.79381751326835,36.89655903703808,21.926811164815,22.97308603923188,21.73055075015221,25.50576426344188
90.8245163143168,83.34251897842417,81.48125404116003,92.91719473588137,30.075799820738464,33.65837983780536,30.89039191361236,32.00819532371916,61.10266631966991,63.43421808185391,64.4583296356803,65.41473304453625,52.58756007878091,52.82115602515623,52.29364469881399,58.707274636315006,40.34890930435503,41.48297681710324,40.94003248217015,44.30288144569967
32.72430819740676,35.77485368057071,34.02905660060837,32.66660810737196,21.87511738066448,25.17991271566101,22.92962172443723,22.46742020390607,28.210480174430955,30.555885944242352,29.871445916148,31.548338330896744,25.472322198970566,28.377363955078035,27.88410497403907,27.51882614425271,22.711510711394112,26.19849612213365,25.940340195726964,26.68002192642739
45.78103597166102,42.55896360680167,40.65276768170036,43.53461944439605,12.593105489433768,13.561352068112726,12.967007005816525,12.771771656404928,27.482475992397976,31.50720637054448,30.93804234003716,30.774811253030773,24.02638229056153,27.30147023690582,27.07109849061667,27.250018166638345,18.331839858816437,20.435599077763737,21.274464738247072,19.89222175535897
67.02803915947412,75.5535726510927,66.66387234866446,65.53368325149852,17.627687771262956,17.667764627830792,17.047487406641405,18.24807597628476,43.70774969587424,51.48857800679512,51.17651829871513,47.35721495359533,31.425732622380707,30.93795382571464,31.30511102925647,33.99135131453361,23.08067407948869,23.270295971006966,24.49791212274985,25.812411595967216
25.15421944983993,26.71859752533315,25.03254296025071,24.23269261055289,10.595299420718998,10.996426667645174,10.472659413559049,11.112385668866198,23.26382227291065,25.72349595586239,25.0029401854068,26.286483972276024,23.460614316098845,22.92158140128629,24.71657307435696,26.51153769115997,21.455001420518904,22.021837580244085,23.28289350059961,23.0544293569018
65.36933299901963,66.86309757356771,58.53405305318157,66.63301352825606,17.907012470474406,19.847894006468515,17.874846117853213,18.59300659597321,45.562613704627424,52.571175659995525,52.8218108935539,53.66242221810883,31.688235489333007,39.175833499054406,37.29042180142235,36.01617569988333,34.99226873698333,36.829579301461365,36.35584323900675,39.36622858056418
45.48271063778684,50.38219901144985,46.4326742108208,48.01860157032734,14.593090905697688,15.159475529256332,14.191625331257343,15.550683984425286,40.84312436599645,45.69796059083071,44.77719291667524,45.50479422498784,21.94089927190662,24.733627086583294,24.08939053488082,23.354573616068347,18.128408702528997,21.46852022369034,21.25508751410442,19.459333122368957
97.34927110702483,95.69908382203154,91.14343574552532,101.13603807638162,25.97014881213467,26.7626264332541,26.70990997150021,26.648979173808527,69.67274603676357,78.28412892892716,78.15328902456648,81.69959070780197,43.910516396042,44.639538759912725,44.680788383539685,47.875536803044525,37.643273432826206,39.15499161473604,40.62811775572772,37.44990592987931
66.04537127876121,68.82774681017857,59.52234995346393,67.24483200362376,19.870791672286657,21.560424438211296,19.5897708389044,20.543892522291607,44.76838631817515,55.69701461965711,53.60248967748495,51.23404375677119,39.3614421950225,42.43961155711224,45.00213822742752,43.94960440077184,40.92622318858111,40.79574844996169,39.1658687235135,45.62409612848855
51.355422652889246,61.16994927491317,58.90667649301269,53.2624027955526,20.296388669812742,21.96752087557511,21.15339157954289,20.60386339083029,44.634324045776,47.81966161748355,47.56508255425736,48.584618067123,25.610298273181648,28.31258210016971,27.923123287974352,29.34906762850089,24.87067915533487,28.90886739614977,28.727369607236163,26.62233909699041
99.59655986755972,103.34180332508332,98.3941772892835,97.57122447152308,25.57306063086031,27.95799649030576,26.79903396839864,25.375102154190785,61.52997650538649,69.09327617682118,69.69756770521309,69.84082200795594,32.49514794118646,38.06298060950908,36.59410393085039,36.31927440116509,33.81095474597807,34.00132901153418,34.095275647940774,38.91514048399837
25.132542799669643,25.1591616554952,22.97472926115669,25.09294251187284,11.056041158477552,10.654959322429578,10.18005605199047,11.223443397742423,20.652912485980156,20.69928489457257,20.232912878790128,24.232611725349923,18.656420998166503,18.161615898656216,16.64452505748233,21.44639925971021,16.14011353649238,18.650208124659624,16.785683684320045,19.11788391360497
63.28955685299968,77.98097313947137,66.3993201130844,66.15862220964561,17.249725006634673,17.80709031352056,16.50911872144616,17.63077287311143,56.711106085156935,64.89363333921641,67.73986653723375,61.58333935038034,36.34372752219375,35.81455441427015,38.37362361062171,39.66461575134504,34.14287944809955,32.20415525792636,35.27356147406788,35.10933851817775
29.12997635669685,30.54002313518215,28.58197541739274,29.361665584939225,15.913454487727492,18.098955595401375,16.519536876617327,16.602616425222738,26.706815235350724,23.166363729794597,24.311197391998554,29.136019244383487,20.3507262279557,23.84199943458117,24.697505147560868,23.587828530897685,21.333877391082467,22.421635417358445,22.7093448762256,22.8641460130959
39.11363019122364,44.40127582112428,40.42178829025893,41.82531058824387,12.866962025466623,14.48061405139867,13.272975832438965,13.488055214566728,25.528079303824573,28.129851157567465,27.133893638257103,28.51797748919913,18.829643954672395,21.321419367762303,19.638798294313013,20.584110506170017,15.325643535201843,16.274002584108732,16.198177856762136,16.482559755211792
84.51465357246286,100.351240165164,89.53100924025749,89.6778609584465,17.609814059982956,18.612277605585174,17.170115546329942,18.694254281031345,48.50754490106232,55.79100435948408,54.10447866666158,55.68264837502011,24.60321301259761,28.87004097137901,28.469092280416746,27.079238527016617,23.28003487279364,25.92194735879787,24.581729875075855,25.448896980989996
61.93664354425013,61.19997061934718,55.613259327175335,63.52323924503267,25.32813797811285,26.27223625360017,25.10163676996276,26.88209026993627,50.624450035187934,59.51630479473448,58.787587774816366,58.0380905879803,41.65205908819153,41.62097790443417,39.92100087071919,45.947278575825976,35.974904839641894,35.449749549158035,36.98949999741193,41.13353873299236
24.27287390220421,29.342931582672943,27.125847116473743,24.36922895490773,11.879618375448274,13.201061350147482,12.64636079594884,12.39185076996697,20.300390947262656,23.429663837493703,21.56618760318582,21.823888877594342,14.731978824760562,15.142978001704355,15.089793427130138,16.161850702015176,14.677955895758858,14.7881008492303,14.740126280214122,15.285652513741558
88.36802202083857,119.31230655248778,106.09710940408468,95.91498799115048,32.32989814255651,36.10731222278144,33.92642606222887,34.5338407786788,52.03005672968436,60.52845900886536,59.63886033699228,59.36124243110631,46.91742533221256,50.291385755030944,51.87449619982579,54.53293372338849,39.07370981967122,45.71815393607503,46.28729314982967,44.51284493293114
69.68055377445292,75.73020179071166,67.07532683105906,69.30508208505074,17.1268100488212,17.989133572914856,16.755679383091348,18.26304410149852,35.17604109136845,39.25477262505772,37.18195293137074,41.2917939258142,23.03006480052424,25.426445043320825,24.947586555042463,27.735049110474456,26.27855717720465,27.46277364085013,27.040354991868327,28.257263947358613
55.45469322228218,52.26797984707501,48.45512551664172,56.94077757644576,18.496588813055038,18.856693663018508,17.305830411873703,19.18319368645485,43.83552764503757,39.25912483251339,37.10443964689546,49.63845542622178,29.61062611943565,30.893419012538704,30.30883998948278,33.121073917223505,28.079642871908156,27.62066367730629,27.94364224616991,31.190142530909338
162.1087370385747,185.0724686589126,168.84499647492788,158.07669249861974,30.27514133200677,26.888865637207346,25.23667833174649,29.876794947688023,98.7630324843466,111.06079594658276,114.36058899412892,126.71160787051014,72.10744037574068,77.55082685536443,75.8677649485192,82.81603358932303,70.44093593102185,67.1028387187896,67.62958428036562,76.61104848868565
66.2092743473076,72.95891599928024,64.79722258446894,70.54557568294868,25.78518765689394,29.062478586783666,25.96388969111333,27.392992627587187,55.19531552973024,67.61826607468386,61.77153439410355,75.1422978967355,50.69715036975823,54.48713509983464,53.8093202770045,64.42695568812752,31.177243202116788,38.19026910170173,37.3982619471204,36.356007929641024
55.60965293239279,68.01060303425632,61.44140484276705,54.53549511146104,17.19618336569142,16.88932243919062,16.087829570789193,17.00604807384645,35.0185417516566,36.65044784385376,37.1905439811835,40.22975996692218,25.735016232441662,26.531291360695786,26.78135397805304,29.360587548275515,22.949485915079386,23.498266017243765,24.28075142890421,24.47939224411835
34.59226572575155,40.03360394822982,33.61523418195846,37.41198686687264,12.96242610044299,14.556420384156509,12.67807138447498,13.907949653571052,35.40526988300643,35.528506995062514,34.53547928588885,42.81173871653008,29.39528657898328,35.015077058613066,29.26928736629898,36.15063972774425,20.674091777678576,27.48237770758058,24.7125014226121,24.83775000899024
46.42147230511508,45.60905484313458,41.84484018746269,47.4076666997585,16.138655171370065,16.156873023868375,15.266997374142935,16.10815593680776,34.26724492654686,37.22614394554813,36.327917300794745,39.857253283064594,28.43999531278896,31.276247210865836,29.88477397791556,31.49301207146165,34.17244151603991,32.77188083515502,32.88011101742864,38.89865680569137
47.14768153760431,54.171326506463416,50.34557556940394,46.78732287646677,19.30975003078053,21.16455043755273,20.276645333167647,19.734313695344103,36.26051742282,37.79957103526434,38.83510656822052,38.157485999073565,20.28675643519327,20.86409854903479,21.261519281283405,21.98209633679612,16.728883301867803,17.600982616833566,17.797209436062808,18.0153280488647
37.98227226884357,35.75391163123592,34.708013810974585,37.56109972652792,13.686856662404969,14.123694547117337,13.467239321954189,14.210216555394355,27.673594122322967,27.14771542066057,26.377660076805885,29.787887708109206,18.611088390153547,19.980350340624035,19.768426360739227,20.715078282627125,16.287945601917606,17.485788143387165,17.580025685994105,17.252896155035067
48.15994662883989,48.95373057025781,45.64898005679512,48.19031520534908,20.643239017364163,17.789895687659076,15.96138103256616,20.85391348770474,40.87306921117366,47.53161747317444,46.31546495513911,49.38416525012804,32.7520641690994,31.6704558582527,34.000907473622625,34.87229673728664,27.375116589308757,26.778857492024645,27.601224191262844,29.096554754863483
45.09309685687975,44.54716898416085,40.68249536779624,45.46041015650027,18.9325864865665,19.87864810929023,18.666382812539965,18.753971518013746,31.846894845414035,39.769781936877,37.97284647636312,38.78530652917111,33.92789014676255,34.823825392464016,36.22483039795105,37.76305355152609,26.40797752327521,28.724650627875544,30.2829018443657,29.63120530132332
83.65327391155242,79.65589655618415,74.94309324160567,79.53793316292303,20.36086941656774,18.973843100951097,18.28992086666539,20.70136267346169,56.67142237482435,57.621813091939565,56.27101101974909,61.72033344494328,39.68236064122795,35.566781079383425,36.00005306364161,43.42944704577904,24.80583436653181,21.94946428343512,22.97941856722565,26.96812360852616
75.81229038241639,80.29232198743908,75.59515896240457,72.56366825298032,17.030794809916337,19.19017431529395,18.170512033662355,17.523110719900796,33.95603549338595,33.54522842268029,34.217974746152386,36.966683506662086,20.354093788464777,21.36432080674176,20.789734942149416,22.452785246931867,17.062963677307202,17.25840489161079,17.10188302290588,17.978753036470234
60.49216122604125,52.01238270381897,49.06422057687973,59.69923636591092,12.56842570796112,13.963921862115187,13.366463959254308,12.89927190007304,38.50445704805679,36.15082934589301,38.04315706940949,39.65429029032597,24.259353207016176,22.827695419862184,22.8905233997574,25.599889708458356,23.720731462100424,22.429109999734045,23.143911390365133,24.469565817103547
39.42005444986196,43.004924418993085,39.08354864686456,40.36748004084522,15.818206168147809,18.87252547248704,16.978483226346256,16.448339709727332,26.53086755204397,30.910651873825923,29.80032588146049,31.402754103336783,20.48231858654041,24.204635875419804,23.85884819013563,23.816035985064765,20.363408431060574,21.003031136071463,21.76493810285398,22.452742421683464
68.53244752709818,72.52575540624552,63.2735641033683,67.85508476894648,18.116561241776537,18.26000944208169,16.85226892391254,17.69515751854001,47.50678329690271,56.27176232381612,54.95019821631564,51.549883160046,29.28668256139777,31.338103117396848,32.538562620361375,32.448696491774534,27.871768851033828,33.20126686159313,34.4392933195269,30.531381444361447
33.668428365909804,34.225048637441894,30.79161822744274,35.15928022893956,12.58929298015785,12.805204066057575,11.771507933066706,12.466957937873373,25.864478986815133,29.16009904861288,28.321946239022143,29.574812638764087,21.50804574603829,27.425209379732653,25.855717771737385,24.1866721648357,18.47089237473195,21.54164957491062,20.872591558724903,20.31834072254104
41.05270071517075,43.89609236933932,40.909755720970885,41.43412767753152,16.181221207091024,17.175560996805114,16.32302666664668,16.595033916068914,31.09677839264846,35.215908506412845,35.68351835440867,33.937824941371254,25.96850185460933,25.939301193814813,25.962998307003957,28.20165044643552,24.40345689289809,24.3736624468574,24.297330942982185,27.22492566403544
34.39896825264184,36.40728028918812,32.94337951689052,34.10747124931534,17.65132736849066,17.584477521412655,16.423816699872887,18.05937312831815,26.99607513786025,29.25896821810272,28.570597511126323,32.010286381494296,19.798481441155783,21.695845290429265,22.39781679344064,22.246867748928427,15.946223357546687,17.347528729204317,17.863360278828658,18.141306260165887
84.4059948184718,97.65752104673956,87.31809910482944,91.38356698541544,25.65288003934925,24.815014859543304,23.69422781323681,27.40963213213594,36.94338783923224,50.20058059431659,51.26374738856551,42.28862095092752,27.816734982900517,34.47842437131596,33.81105148003391,31.63694039055236,20.92684014889615,22.93589852470222,23.504266978614837,22.95691205556691
42.21465070874786,46.637161938675945,43.25446965169456,42.59117173555867,14.475729662240637,14.250196643691686,13.494980615642426,14.556711910845165,29.59252346474601,31.73609515052452,32.18949348484395,32.86101236444897,22.70422349786345,26.772077929418582,26.106850024123176,24.84163500117252,20.64891947717372,22.100898150363182,22.49760375902092,22.78185539569498
87.4113313617839,89.28923158947345,80.33134527085295,93.06023708014898,26.08408502911462,25.44416477892997,24.07370478919176,27.144492297180285,41.90863916693095,41.15151889230206,43.38705617843301,50.04348570839243,30.078460241927377,33.1838566704837,32.8041114262522,35.711272470604406,30.66316466352093,30.464217009546445,31.11787110032759,32.824640438846096
46.04297963776681,51.67897133763513,47.31795040798672,46.44262757805272,19.428949803177797,24.23372680944201,22.66642278366968,19.94395086040233,35.09991435409005,41.84201690849326,44.62917378331274,41.62601920264225,31.0328313276644,34.761138778429114,33.451545222481926,35.67501175477126,24.60230968626567,31.474584050499644,31.175347785058698,26.708967503588312
73.30306291998741,69.26797997109561,63.5907920855426,75.65206187245035,27.133266130749615,22.190842604388607,20.973337564703872,27.307036151155256,48.494165925824106,46.134414097656666,46.95447675381511,52.9091573810112,38.70603795504244,41.25596481439321,40.93723120993637,44.339918937171625,32.64483920364928,32.57415933833341,33.76089978724518,35.37023062147687
21.150975947292185,20.76705078490371,19.798759942337576,21.466867013757195,10.717428337637845,10.582426580364546,10.125140757715648,10.692997525348922,16.9242299303374,17.798715830623397,17.805922827972253,18.23885051606047,12.253281882569212,13.672010629345811,13.379150306164403,12.85097685652531,11.462069543981574,13.198477605453087,12.675481205687964,12.550393454813356
48.80519171083235,46.50968844428533,44.62096013175245,49.41231337405071,22.216734556340707,21.31452227919764,19.82406796520123,22.84802149064432,44.511327344240094,44.952681680213416,45.51778255674303,47.446734198987706,33.521475355592884,33.10681558418522,32.13186304290432,38.398068331634775,29.961188295231548,29.61610497161179,30.50616926360693,32.800576475172974
67.73463399589305,80.2030878124515,75.13172860139024,70.59043039299475,16.5794484190158,17.130926559967676,14.971235743591366,17.142820174824887,58.75457522628041,65.32228244407816,62.24141075338837,76.57317521179856,32.8238343703178,37.32197055658192,38.80040079424517,39.19665844169381,35.74651322037327,36.59803898854111,36.13003760939125,42.0701171702276
107.29744313743367,108.03157998107896,100.84940731143,108.69763345891197,27.347581092666037,32.0315786811319,30.31989084898479,28.92980722873716,62.39477279358484,70.9195837419468,70.70965419763449,66.70667247645018,41.136088631987285,46.62701124504709,49.0042123843925,43.257151028791895,30.803851252374194,33.24594199738387,34.21490740009572,34.21284362252935
47.69790497009664,54.71107382180395,50.88266398844495,47.87199846439294,19.244706801266325,19.886815840267957,19.153899110167902,18.938310952125807,40.10431660210064,40.835052560942266,41.490929390448734,44.01372656186927,19.924241585561425,23.84956085295368,23.81305512425928,20.574959802637174,17.349460336197613,19.650052975306384,20.3222746505038,18.718944842359107
103.730689803209,111.73833246341754,103.08460121672849,107.20492843985272,23.67380931094988,27.058076941163627,25.336762707922706,25.025364217136048,59.97451692146669,73.61200308555064,70.78910231025549,73.95161344174268,47.545762438495785,53.75354243986176,50.92890551661521,54.980181820661855,33.57267211608188,35.290082331151815,34.67344139338743,38.37284595479218
49.79519299747575,60.81933644616747,54.123870108777936,50.83505850379871,22.77857493487572,24.896955366216865,23.457487787950512,23.855583276145264,41.26097173814667,48.21271337907829,46.73721930119691,47.81429200286956,30.52839709830754,33.68315343102758,35.26555618406955,34.74075701082948,24.52922689811558,26.94907912998212,26.187155463255213,27.28069434141973
70.72654842780435,85.58329141483743,79.38220730988829,72.75162196587898,14.84647892546339,16.138212685584186,15.01302763330485,15.474141073297664,52.810868100933504,58.13445083724452,58.07355273151296,61.67826210609879,32.36556752875399,39.54699681849853,40.77349064703909,36.40062320593602,34.913667792049075,35.07572943828857,37.39326015852345,36.62167568493318
60.34997895060818,71.04539333554268,62.9496034616864,58.22908296841778,18.932446556792176,20.751999488389416,19.804529101996707,19.154026976666188,34.09579590452915,42.23853106432375,40.86792422830176,38.0553493654106,31.45360200796256,38.53373458052559,42.460490933989554,35.77433339157744,27.33346856411798,36.6309756871853,35.888440387687496,30.5372272405441
75.22618838760107,81.47212402964762,75.68713364965441,78.41264531270096,19.816355938248225,20.5609398922213,19.44325937355176,20.224347441800365,53.865990758486944,61.51445771958559,61.80117319507049,62.09929204438788,32.347230479657284,40.91069208168636,42.67496797797408,35.01574492457587,31.119814959635644,30.840380965347432,31.06533648584621,33.70372630720058
53.443005099849,49.8479449122291,44.21098693795838,56.31293838620663,21.159767349215425,19.716268761747116,18.651546586078148,22.00024796187112,51.2569278379688,50.70668802228119,49.79285424886526,64.16075526508158,29.388790526330105,32.849293779321506,31.61110919116634,33.82612925287482,22.992741196827343,26.37850280611517,26.67231349255161,25.757918736373217
81.73769993101229,93.96483245477152,79.69206447732168,90.16800497365186,18.07705663818661,19.18758944823453,17.723577424886745,19.04216082926988,73.02201667449455,86.89601230897972,78.12050147897482,96.46428721666707,38.44208241406096,41.697814728503936,39.46046979213633,49.200830403714285,34.47925463130414,38.194248311849535,37.32607287582102,44.188403943194864
36.592132198548526,39.46272780293116,37.02561371692203,37.12458834052571,11.589626554591726,13.452500005207693,12.293977361670915,11.742087251320314,24.987553192734573,31.481285948084604,32.457633231977105,27.411984820697725,17.97263728597918,21.278822227997008,21.40925834755863,19.63018015550316,14.5394836905418,17.218406815529423,18.43188948627258,16.600008062846925
118.16842520321178,100.01703093173374,93.11288021503556,114.99989565422815,32.673766363413776,34.81958299829759,33.73282771596949,33.2799162577127,63.75328510732525,67.77398486152627,68.10182483827074,70.78619945057966,28.70432465478269,28.57181003035965,27.92312994536653,31.38958723145661,21.411570749754823,21.669728579205863,22.33546247961788,23.351978995662357
51.76242871741338,44.95712968537545,41.07990002601209,50.37119717294004,16.38117879564853,16.923786080563875,15.149026574601194,17.412369314638813,32.00644016169967,35.27747228151802,38.320897671520335,36.90130962843826,24.920128012420356,28.00544320467697,27.850784733233635,31.89204377953588,24.104115260545687,26.80962327521776,24.38771200535264,26.98092175075083
40.00797494356588,40.39165403724766,35.54868982852944,42.03241012944326,18.337946675503403,19.714576573446983,17.442518178499853,18.70524415694355,39.80772744743276,40.41228702403063,40.346937266974834,50.40600050742335,30.574519600999,36.88696294886317,32.574423393086334,38.92286062263261,24.996681745060936,23.60658565587168,23.048658644746823,28.65600134203281
41.16121358530855,44.39011948503608,39.57845416698039,41.341529901273006,14.60889879924776,13.658795833473294,13.360776707701907,14.244320160564511,28.91525047340522,33.03624604785871,32.82192492774232,32.02669905874442,33.01643483006125,36.965044223797086,37.48295689309818,38.26704897160889,26.876008636887622,30.864934780842148,31.20787573188066,29.86738670459092
105.9551953390695,109.61662592972188,102.31653661516424,102.7058255484475,24.621151492453933,25.551333729934232,24.683589024226485,24.290976924123942,74.46753753910376,80.49991053021881,83.70067545577326,80.93379366444232,45.22007296818271,46.09983426063296,43.580416944420186,47.03881581499108,38.99635274830828,35.39680429729013,37.556729811904006,41.168378135351226
49.69330417630248,54.46322438561454,53.12635738630055,54.29616881700031,24.73975478303778,32.29761754627442,30.70249201379552,26.07794766686889,34.04637448777258,41.60126514710294,43.86248958905985,39.719588253022266,44.79380741039225,46.82429388169136,44.26968498023077,50.09111423312937,33.83477579945576,29.765716461434085,32.19128938509196,35.97475045243066
61.886072984362166,67.09602367685042,62.6612052049206,58.60440363743274,19.16559329083545,21.03975826438132,19.79601286466549,19.956550856198287,39.52815326042362,47.1565401857256,45.710502736157935,43.94786502042149,31.763747522720525,37.23434572255034,40.23401882819591,33.45717637813237,27.41894604013402,32.24133087428645,32.71635884044746,29.84753300479557
77.45341114168093,89.25334687734461,81.65028552223914,77.67621335521085,19.676550092218108,21.79739976080516,20.858672196697555,20.083516165942925,49.36322356325157,57.64173679628639,59.32126002410265,54.53332377472059,36.506760522296304,40.10884906332483,41.60696868389688,38.82084105313883,30.447037040800552,31.65227114332105,32.395768764669896,32.17523728550602
41.64957650599286,54.78064326330472,48.5663427806381,42.155380742437295,15.047468544400989,17.536664678549577,15.875589328741375,16.46755102377755,33.42082984717484,40.53048879230007,40.3196080232024,40.1967115717903,25.19336383136262,32.75731984624485,33.37376330469555,28.31828663230628,25.72618846592372,29.24364621938965,28.42943984166447,29.286591789178285
58.14448658459192,64.24626188212265,56.107626475232784,58.91504757763459,15.338960541507134,17.38197003406663,15.8963372990037,15.980488407917823,36.84682015590288,44.258519499635774,42.86641227858278,42.57610508356097,23.45262823429423,28.50352601955553,28.41175448642924,26.649055417258584,25.315031355635217,28.20825398851331,26.7148138884858,28.49298093534314
47.22303312304823,54.54637910179811,49.48993916094851,47.82470116734829,15.34182065498796,15.87303463538468,14.492619732778662,16.24136941958516,36.70891768939835,37.53884353652758,37.83391379200157,41.43924514243942,28.71582428009846,30.801398383749557,29.744150310403224,33.37276870386304,28.3454478560668,29.353301338451747,27.81234492786105,32.35827620794458
40.62487290844697,42.60176422381748,40.29764842913893,41.11926221929856,20.58278548753588,20.574851882961223,19.932399536421777,20.940600301851998,30.74857696644557,35.01268954196668,35.008799741183,33.60398371214964,26.210841537403955,27.819314960819685,27.25322133181686,28.80099614903467,21.625904491246285,26.152813752541824,26.307681871270496,23.69195131752084
66.3388106010544,68.20819352292942,62.929585499628935,66.44663949080581,17.10140189568905,19.03794363174442,17.955496851963005,17.598574047319566,34.77014867721581,37.626727436235726,37.2636081156998,38.07566946465862,28.013623746255156,25.77496611184211,25.57292649517096,30.665028940569545,21.70975912050253,23.78645399144873,24.950893844530967,24.033377606878656
54.62838437076119,56.57419590501437,48.43722229153053,62.25794416162011,15.008446719895396,16.24431646477909,14.678949786665504,16.359985232206256,32.77637386265043,39.65714559762223,36.8837003198245,37.603876496851456,21.657595948541097,24.754221930321915,24.97917240032537,23.981131005102856,21.571952308671325,19.649790620546057,19.93880660484312,24.37406922962962
39.28614739056979,37.07163405918568,35.1831956071948,38.8345232549129,16.271131619194414,16.527155816796277,15.799918137282374,17.769883106553422,29.402190646356647,29.23006747161379,28.899708832873763,32.81926441429789,25.6730467041691,26.49508964083783,27.26121464319447,28.123406777207958,22.30101911451934,21.69043015717262,21.643158248626964,24.327351084133447
58.11269418637276,72.24627693028197,63.28756508272097,62.60881901410759,19.924531356540044,20.11603096074258,18.37819668111252,21.58448981745736,31.049853242496187,37.08775026767934,38.02743260110558,37.52415952858984,28.791995321817144,28.569780111467853,28.66789170244385,32.71273195417642,24.309110834735318,25.08480148192171,25.434405875047663,26.792006563584003
96.1660856528516,112.85370552426768,103.40721487798967,93.86939952623084,23.44544420297336,23.6658465769864,22.026673743617824,23.969372894038,58.49373524421986,73.70110805204268,66.51476379239493,68.63212498095226,25.608784037159506,30.2153979329998,30.985226981505352,29.17598244748485,26.52424563059839,30.133277073377204,30.6452733695131,29.182570614379145
40.18141898751114,40.60615471663015,38.23167498237642,43.715951587380914,13.55207250243238,14.645261563249132,13.89283730405609,14.266718120228232,30.103031851301147,33.450899215659426,32.74641115777512,33.84758836537968,22.84322284155872,23.35162824292054,23.777189165635477,24.440051926959985,22.136441545094097,20.872805545607527,21.934078954263207,24.4186239311641
51.2790519043757,57.87741260566801,50.29522282963634,57.45762973311894,14.424290169487591,16.22243744360402,14.846956789469097,15.1748368559505,41.64232821279676,44.53082645945953,44.81113319458076,47.58015633305634,31.3866162793302,30.25291757175403,30.177363623002417,34.28578755327388,23.790894902750814,25.600500064667283,25.06095587952409,25.48283078554577
103.63265173166585,112.93176112386116,99.14660158209642,110.67498078737378,22.352983895876385,28.58494668247189,24.349691691958903,22.347319496937704,53.59952483905627,65.93369754136448,62.05092610663134,70.4390885681824,68.70029506949638,68.34349812764324,76.9202114078215,71.19542374378155,53.61295737973792,78.85682130662408,77.0413454583867,64.35096565061002
59.19611095503985,63.95106925044408,60.7875307567659,57.43930343925935,17.913900279697813,18.209135488125465,17.023158800977964,18.14291531501946,37.07989019934281,45.67612084938625,45.01429621831312,41.276566935495374,19.314533974776552,18.32267252552598,19.237261438022145,21.85610495836247,16.677025901900407,16.758575910742604,16.815693603928782,17.61422304402012
118.27412325199934,152.77320568946354,144.92430155387217,121.31105670922514,25.701573839767605,28.87295957625497,28.245611242560305,26.31113810259802,61.62273070930913,65.958319373269,64.4310724559549,68.6493084641195,32.191097510626925,34.75793158598289,34.0171242357888,36.68760379306352,27.1079644454342,28.65999841279857,30.09184479718984,29.61180511671567
41.68188149483524,45.150942226659296,42.362609706288,40.75831874331093,14.26065462258542,14.375206221206351,13.523201415191268,14.572574204782816,28.10606592145932,29.468446865992536,28.28829164185266,30.171896036816964,22.472638187232537,24.42711366923557,23.708761867711512,24.175176392925994,19.634200858720348,19.586996719540277,19.087824382545232,20.956462893875795
93.52189780963424,87.98532071786018,83.58549010683465,92.73178058872791,15.297253342122849,15.98092656913863,15.435061546836314,15.800147925589302,57.055717030602295,51.68891552437509,52.11198130730729,60.83488292568549,34.04162620529939,30.57129050818012,31.068773316714807,36.89733316577477,27.784581620057143,25.875211048603035,26.847054852598266,29.69419682007304
93.6421131722419,100.33368031122237,90.82421315529298,95.0513821543426,32.83085487431894,33.09625605999376,30.639355754881866,33.65048437742814,56.96315479065413,55.22585422068939,56.7347727393936,61.45447293732656,30.88065712493789,28.03168949944896,28.953157460609173,32.255508693806426,26.937330072108768,25.17853198094587,25.485461647615374,27.863609804324305
33.49940832444362,33.17461715220796,30.833749344782337,33.75960388677037,13.205821043978393,14.172943540386296,13.638356997269582,13.349473118212282,21.22293255157713,21.741889663291037,20.637860265459103,23.0269846703388,16.954693703599414,18.590169744756437,18.298801319406543,18.63243926325008,14.671532224593328,14.301059614301144,14.616640148709267,15.238025529898469
86.98891832925858,85.74803365122283,75.05774935802374,100.06964886374983,23.71318262029433,25.12647956124171,22.62247070411925,24.298344727777128,66.47341805695368,70.49671550474086,70.64626097229622,76.10868467371876,44.25728492661517,43.654813159485165,46.39471821880289,48.45580712496408,29.832422008818643,34.55587244073733,34.27845592850744,36.36981859289502
89.11309657377387,74.5896105192956,69.12309895970897,91.07353449594098,22.068105522035747,23.343345328765302,20.29115834577317,23.869061040200968,62.81009053746122,61.17817523351307,59.67547130749111,76.13525465111054,46.75273296119328,54.83908196550456,53.930216596744,53.54642834308002,35.27429314055548,41.640312815709954,41.85917899962261,41.20354175572923
97.47277950393068,99.25341004971968,93.46978111351468,105.42728251919355,32.67383647378554,34.96363959852455,33.6455105466356,33.18567639940681,70.07336139337734,84.5553257807426,81.0462909728595,81.1134080014164,33.43079151496098,40.00836602990344,38.74428019877613,40.06731111555544,31.4530320797706,33.28603435832968,33.22876981609998,38.17250885147901
84.14522973717953,82.40105214355799,77.88825366205639,82.59416192673896,21.5835892611508,22.091910612656054,21.68800490544752,21.50917391752084,75.86027676821327,77.3571137327892,84.09885966900399,78.60004354306076,40.37440054684578,36.32367353598066,36.830220309525096,43.833322496415065,31.50216628654452,34.14469478254477,35.59232286805494,32.97616401617157
35.84062448410157,35.47761789049081,33.25249781803364,36.02178339870492,10.341680250022224,11.22158114156792,10.649166381630188,10.411564962107102,27.812238832387266,31.09047708890672,30.809448049117897,30.27397201328777,18.31413853186322,17.984918035298957,18.157173793596776,20.34077237703407,21.40917157353025,21.68189385341199,21.96498608871332,23.10948852516974
87.30481806690983,85.02740478296717,76.63804965082203,87.53725683035715,23.447467808574864,23.85537852291031,22.54060384856237,22.957486764967552,53.36566738621378,51.91311060472956,52.467609548558286,57.49196960063463,25.567768901901704,27.303709485874677,26.361797892228463,28.346130430506644,22.42455437835816,22.41341518498452,22.950875739452712,24.042008541923213
73.76854397773563,63.05408819601655,58.3788773907626,75.06272437791779,20.616811483615383,20.28365632197702,19.095016146342303,20.89059901013117,40.75275097296396,45.12531845559834,43.37187343209797,44.840972313220576,24.433060572184687,28.67843998277741,29.32915289563721,27.10695622957475,21.138478575295583,23.007821355834437,22.824332173778703,22.02287193633429
112.4608575737492,105.74900823433036,96.67302055484753,101.41990473277444,21.84355029300461,24.669027880912136,23.02981222532426,21.517231807769637,85.80566398771741,86.19450151378526,90.52345926314942,89.33820790360554,82.28694900397723,88.42024538303218,92.10179036915336,92.88135779436902,54.71271740768779,63.21671696883339,61.18640229831619,58.57546001859185
63.20960336629824,74.87122758990456,65.57510112047369,65.00419641242878,23.295858867913413,24.63427475140824,22.72273304424686,24.68434231907725,56.41576829842775,54.66520378924584,53.626533927737306,64.46214102807285,31.018066829146456,33.53703167343937,32.63799076226792,32.250794876684644,26.05402140081639,29.467182244587143,30.244148008170903,28.54086603019952
99.75716245669108,104.94928063931518,90.55648647265826,107.74374623462228,31.799777878521123,28.50839900326651,26.29566073426905,32.35067029514495,104.81220041391468,96.45458217826072,101.60544110160932,124.82953911662092,78.37234918243853,73.90303715800268,76.70429575806529,85.69812411850333,88.13463808337336,87.71801483845624,88.53829355467181,95.98279244661522
48.384163683145104,50.143605788915934,44.192228435832206,53.06255752025228,23.02164894936125,25.76637651076416,23.426636384704747,25.15188063760553,42.08963062305846,45.786209997499775,45.49367516558476,50.42469153748864,33.45105074700399,38.42416841478365,38.28163122285618,37.341471717955,26.41082983437495,30.734680470851064,30.047696920524988,28.820311762754944
62.13773934377149,74.89343714380945,69.1746683495402,64.76559103880267,17.8626916350978,19.83182554791637,18.64304165342837,18.16439168348426,46.306565581562126,48.82879535543142,48.6673132960838,52.41720897304943,29.218779885933053,31.62684214730405,32.43529212829982,30.64175919140041,25.049259564705476,26.53644086033772,28.45341054863121,27.97943494985409
100.06134646288268,101.57409927193297,93.89267782931157,100.4982988485806,18.924183506647815,19.3403527158501,18.699139854387404,19.302077015801245,63.09306646445799,66.21025305685022,64.95520954569507,66.46409979337908,32.492862524693095,33.64887983554944,33.765085644109554,35.44461962986552,26.42394309404548,27.270634161681016,27.318002042407088,27.2738072372822
33.356628487958105,34.71465930046917,32.478828169802824,32.88607721219009,18.477142429674007,18.62341021570037,17.46721289658018,18.602318055053846,31.70900360804921,35.55912466098415,36.15691489278136,37.21850300669381,30.74253678938976,31.903824017460263,32.39473379827944,36.44379871531499,26.567662894975985,27.792088034272165,28.191875739326434,30.094513812762887
88.23122439318985,105.29720953434632,86.60450816019011,86.77216781923514,27.27887321938001,29.69555614364222,26.73093309870253,28.90720637279828,70.86624044112631,79.26789977742159,80.55485870894857,79.42726443171391,44.11728450333611,53.95755956082101,52.39595548375807,52.70698058697052,37.52999307181857,46.48620835018327,48.622661504429885,44.49647256514967
85.86943375499736,77.5617734461726,74.76270271041041,91.51678586491164,22.377651146596715,23.83374714965512,22.327337718948268,23.57318314140551,75.66613192922559,70.69613497697566,71.65281674951163,87.00302251907384,42.57700852631464,50.09597512844575,48.3412008120218,49.994400579260606,41.517043142848266,46.25230098204735,47.423380290632,45.147906648483136
63.537325768682194,68.98753384743877,66.2051702390239,63.37526230064928,16.908367513593532,18.28400877157673,17.364904376562908,17.22995036702398,29.368064617197295,30.480294790446997,29.086206353953703,32.517398475896826,18.79700785462941,18.77266189685171,19.319415832002115,20.109571738143348,19.25109476876864,17.970023619550407,18.590298280214608,20.904928435492792
55.566632897865816,60.11618727457236,57.40154615559916,57.89217947316886,20.08113653008837,21.30003905269816,21.018284548871385,20.56878476453537,31.830953764451944,37.070865111891,36.78055331882636,35.58897959189415,21.327886461778306,22.56087868786684,21.4196737847596,23.44912259930474,17.15669763305011,15.876766518409072,16.38890584955627,18.133639257792478
89.74801763423729,84.29550617554791,80.70072403346,90.89418309439124,17.960660388670618,19.08001210018257,18.3209907434772,18.9791727876432,51.646675176420175,59.08807239121982,56.91344260084179,58.39299256643416,25.674411708139157,25.389293126498984,26.2910280749614,26.478329833895483,19.151812266905942,21.58639397449899,21.763293199514084,20.848256164252174
73.70128376938675,85.85162420663237,83.26764120828457,75.2163604737614,25.033354651782204,22.296446982801022,21.777883730358848,25.3312118622468,49.301838778800565,52.48960542453931,52.56033491546134,56.914093927230304,26.50741050186944,36.85291742707897,29.07858612583367,30.292115974068768,21.02283516520145,21.18052207469149,21.040676261683977,22.71315688426845
55.11862214021459,58.98315597307407,50.60961841244052,61.62187857897492,14.731722423437356,16.1427497022626,14.770873460724491,15.284708647543702,37.63473931252709,41.27821043198711,41.82294730733768,41.43379180425404,30.441455274378853,33.466638215373905,34.25491052570045,35.18666854617774,21.150476717406416,26.139286614872955,26.98104397333517,23.61543492090799
67.76881431407487,68.34353071637045,66.39615402225955,66.6894346487535,15.245744036374765,14.671161444896768,14.07794252934905,15.089958921644609,33.95398733047629,37.26036547397151,38.18111029879801,35.148133104297465,20.128187786666984,20.222201827842948,20.412206300846947,21.703434957686927,17.310126143726876,18.70494982052892,18.45671316745395,18.33046315538196
109.53396710915317,120.2014198811239,99.92307448061344,116.44306254810404,41.892405639734605,44.983644636181786,40.829649529879866,44.895058201528,73.82481118284724,92.74893874390594,91.52948557978804,85.15874778206303,58.24552263661072,61.98823084411772,59.10664288986019,64.91309984296996,50.7800633713202,48.69235942639532,50.57267290914075,57.24598787566129
56.2967757410004,61.29295801603005,56.740021312227206,59.803259226726766,17.483962244423243,19.076027566559528,17.661716766876122,17.978127222924368,44.87598805281932,47.73344454020027,48.6170162623326,49.25355155142681,28.82698456526097,32.04094291783494,33.96829467092197,32.38841658607374,22.44994289828317,23.010723364144347,23.190756371487023,23.84026007908802
101.85642700334654,124.48549288410506,120.8249154372262,99.33375768433456,21.78231317179055,25.718608451631724,24.748627593198457,21.50646640537335,58.75611614654397,61.72757378449512,60.159602710870985,60.64965719286983,28.099459503825532,29.86163353932109,29.92306019007506,30.186300942620008,21.242543820069884,24.655915500270563,24.889839243216457,22.867700496016536
30.256985896976158,33.352413749071914,30.17580238220773,31.543870751516195,13.221831485010018,14.462920719225371,13.435784194427567,13.736367174011272,22.822024990582012,25.03148660701164,24.850805044201955,27.03023521685482,15.238436067637306,18.39743804345508,18.4668413194362,16.649867332597875,14.3705732363905,17.303136323029374,17.25025143449781,15.8588569408597
114.0767787336534,107.11274888728404,97.59318701926276,114.3255306927262,26.19934562022396,28.43955457569137,26.83737853175956,27.269060765216597,70.74621286302444,76.3798645618952,73.7304234988231,80.02106291636191,39.60169300669544,38.35374801567025,37.37796472212858,44.80768245788625,36.89107022643023,34.23535612714272,33.83811563569932,41.180560732558
32.146360608780185,35.73115873451799,31.838050355281485,32.850178793903225,14.517512406257737,14.049605786185433,13.348986164444767,14.20919003464228,29.63747229065315,31.12676042595367,35.007322397907835,33.468664960097385,31.23643068911961,31.33508474201495,33.69439023965201,32.22204244619377,30.089979496735765,30.772991659706364,32.416281821014785,31.431022757429737
50.7877155152915,54.519387671610986,51.65502442246619,49.26811497668223,15.804239470279454,16.681996783606674,16.2576603714123,15.433630091100326,35.30581124862148,36.56582061811335,37.190614916584366,36.779579954140246,23.82771887712352,26.638059553021712,27.46465942460789,25.20409384259281,18.498930634344138,18.3704733610658,18.86409068162417,21.02038933705762
43.783407146256565,46.31016487409234,43.27126193585613,43.23151974059269,16.347387490597452,15.19252814584919,14.56829440652892,16.224626726771447,38.1374222931747,41.25422384576162,43.15788605764124,45.82798382542053,30.250313842204744,33.31058948693015,33.71837034089021,32.4544915518984,28.397729222837047,27.717729636779463,27.34324552237561,29.5272061402223
54.81097865859359,54.27054333943863,49.21882811614602,55.64673570597255,15.81195826840214,16.990882684492284,15.5147398957723,16.488534055363093,38.72709329199719,44.08930397020652,44.541869483916805,44.58471896544246,32.2122873595062,35.970719465307894,35.48937718622305,34.71998985280477,26.504712059372885,26.81978834234818,27.724695788504604,30.48718475006346
49.61223659129772,46.73348653809253,39.25852579037914,53.72743009586879,15.804714248474866,17.439441070858447,14.792699152416173,16.86440733327648,40.64080905007001,37.68318781300709,35.08452810793098,49.97815681217489,20.4525858431784,24.87198370858465,24.64551287722117,23.407508804479644,18.210628989666287,19.65080726475439,19.90399181339306,20.46269686270902
73.79866042261253,74.73985478650945,73.77966029940983,74.025349591326,20.66336393831912,20.33868714816409,19.571484774388235,20.699684641054024,50.04953524146869,53.97938213861079,54.12072159112551,55.49611820307006,28.00494910970541,36.90661517836762,36.23218095199378,29.813138862503145,27.68629799291165,29.331670345058345,29.978873189777904,29.855255087496168
68.11881058655173,72.84308934970358,65.47483676943148,70.03120613737107,20.998444755141108,22.98939748300197,21.1878556971364,21.587968890746225,50.96987829532587,55.6237085853189,54.81654589041772,58.71004608892065,34.222054089754735,34.20860225711903,34.265954099100306,39.170276446520845,28.63626330703521,28.527824453128314,29.50950626352682,31.937705975568683
48.65639591742148,69.27062238523325,61.14769805900553,51.81847540333794,15.449792273407942,18.40862648636004,17.024615914138487,15.92629118411715,32.057111450226266,39.48792279171443,40.77621266205256,35.13695600458308,27.568662641361808,31.105038740954104,31.555717991380337,29.928611122976925,26.487946165646942,27.88554099817172,28.708047838723655,29.6526117938161
79.91486615594452,105.19096939606452,98.72531748648198,82.66149655596888,22.43091753315293,27.05724475583581,24.567638832973973,24.22175822502972,49.53726525274704,58.39363298076454,57.25805442746837,53.90705151927751,31.623509454277738,35.9628903492613,35.44829585579104,34.43127213864106,32.56988816174801,38.57136516873652,39.47954463818182,33.786957132414884
77.03120694091137,83.84671950046413,79.69248247993106,78.80254290598158,29.21483722616933,32.58554670177706,31.544066288888192,29.63522534839048,50.64847465480928,53.80638248375846,56.467522905097766,58.41543910220411,32.30403257656019,36.15350996340606,35.41947095337357,33.403463800642115,26.055214086564945,32.017453488061484,33.376365320673585,28.122722860970264
97.43620767434724,100.30526569627511,88.90622892614238,97.43778736810128,18.46699541941153,19.489633847729856,18.47460955921918,18.939335940519893,63.24412387651788,67.88116857661753,65.44465318127496,68.53212073970207,36.80284252379546,42.47306602117536,44.604420383428064,39.71841400429361,31.457764296657917,33.292217083487905,32.596899187491175,32.268092499154506
63.6051968817856,69.1883255091718,62.46136385403199,63.81995660285104,19.918860211910157,18.751239755598853,17.656613915903748,20.58758049612183,37.57414981272551,46.28211767213059,44.98136028268194,47.66923323870616,24.9342131604492,29.40166489891848,27.84657519976512,30.33282597585621,28.598518931634064,29.95015392305912,30.15676462295588,34.2165634065
36.28291535641374,34.49570776597668,30.87217666380806,35.01200503925116,15.488694912659495,14.604761542118387,13.54205344148125,15.09048060101386,27.945087999083924,28.61195437054519,28.145643111373367,33.03181190138655,26.1850265147998,24.60333033013908,24.386130517081703,29.91912236335556,23.28271031586551,26.74896244741864,26.1828165871876,25.65216446291436
37.15509322150183,38.22432888408135,34.61193320882125,38.696570940213455,22.82578516589916,24.06462642492943,21.72151702189806,24.22084580530097,31.95664895825004,38.141423277845874,37.37143308917396,37.051346264288966,32.060398113411416,34.02804247080479,35.42359218716749,35.32080610874887,29.83207349327476,31.8414360243816,31.50250426993521,31.06424774157773
58.95399718407547,69.40657830701504,65.12702712784522,59.55411841014649,19.273032823045728,22.11857833236953,21.64210044761505,19.474612241569464,44.41369504015815,49.9672789427496,49.51667184037141,48.739643272755686,31.198873980144512,31.808369057181505,31.60155413072226,33.460901756938576,24.174150456301245,26.36211215122139,26.869569629855743,26.025189938820176
44.62318362652555,52.27053454929104,48.55350323579291,43.78643449645176,23.14809436568924,26.291949526733447,24.25998944221648,23.67525428969701,38.62630515568412,42.29321877202916,41.03965574868224,43.26828052013616,32.840092606910176,36.2382888333034,38.53428581396308,36.04673234868206,29.20997580942358,29.14908866974572,29.0990383638632,31.66956487342592
52.50910663278558,50.264941885718905,47.22726663982325,51.73299116768087,19.572217382377296,18.301881697241427,17.665481696088015,19.99217254359074,40.3582320930306,39.02779081180599,38.0370079738996,44.63107845988711,28.91287216435814,26.861671940468057,25.61568430581879,30.64281851659081,22.061645411638477,22.898137914816992,24.05095795520316,23.38047436334512
61.2719767942745,62.85736971486989,58.75978650120635,62.30810553441625,18.95826981518745,20.23538769203292,18.454139099319995,19.159617403634368,39.95204131323495,44.07250945839302,43.49214665842996,45.68500798309093,28.42205266533153,31.44239281672757,30.068680228499804,30.799041170122795,26.21842910546245,25.76463190589232,25.130883052431965,26.48166326851553
57.460314793277085,60.1802891134662,56.25110511657608,56.7537131737068,19.90767939403096,20.154805862192475,18.844150097858,20.24855801587441,44.07681782804847,49.3169455923417,49.97408180168602,52.52440725871392,38.86695209762612,43.40990236221367,42.987743533967645,43.66792935882904,33.95445685888469,39.99323091656409,39.534939300074505,39.22629396015888
57.27091547535557,52.736544868120816,48.4504700416237,57.41186602184498,21.86029492473095,23.01535416931573,20.65429618702242,22.08891908995852,39.597973120341095,39.749486465929536,40.68710287349007,42.73098483858003,40.05355745706868,36.14062585535085,36.20405652257719,41.466394078567966,39.93069127730484,33.43342986178375,34.957613203483724,38.77812216867579
52.31284859985099,53.73040200933072,46.561657273683,55.1433333286276,19.62937985767528,21.25460102932649,19.93420072220704,19.82861530859148,34.862487357150066,36.39744698245865,34.8295629941336,42.484561004143366,22.48106773580461,22.29436325238956,22.32051435255541,26.324208140436337,20.370731109837077,18.99753501351404,19.528071955273408,22.94633449919285
52.66866723251565,44.827803032878464,42.90931748193213,51.86371256114417,16.93080834140255,17.24657911251517,16.57287218363095,17.622208213272692,42.17364668601712,50.8866553665199,47.169831278876366,47.67593919655329,30.471205043289096,34.61484633256761,35.14054167326375,33.46984595456206,25.04199841133268,26.88435921886173,27.207853387325382,26.863836688410352
43.08817864118679,45.902999179951294,43.04932305462116,42.92403128836136,11.211213278654949,11.021598038741056,10.640580545940717,11.435401449530662,32.83797082994966,37.97958282728734,38.98235329452062,32.969851329947446,22.15079636959812,24.318374197636736,24.33524629087648,24.124651819841223,20.42949021898807,20.362825837606223,20.7438918541973,22.108218371106258
64.58080636749742,70.44117105340423,67.5278851919943,65.32081850018088,18.24226004367167,20.678735499632385,19.93122101217876,18.89658194450716,47.668471774320686,45.15908116669566,46.04382491316295,50.089681135356365,20.51358619946992,23.97101879676721,23.594184254532056,22.303613950386165,21.771721399142077,20.77364689820986,20.851124404435787,23.782388136932347
49.61455502734262,64.58394748575934,60.29265340906497,50.07081583811674,11.806642088474582,15.319027717800797,14.64076145031414,12.313784172287884,36.178084366681205,44.87606294776696,42.330322110678665,38.31551670152013,21.32936115243058,26.832650434880588,27.09801964784876,22.68547482159532,18.792930081131423,23.378595886407624,23.362403767338492,20.762624838445525
72.88433062427288,71.37237982618237,66.37912304437381,71.15707213253725,16.761556860499873,16.289615527520684,16.11351046076987,17.15611270502893,61.50205137441596,59.417342408378,61.9318888021766,62.4484687569364,28.34554246936433,37.17893013413056,38.542637965290346,28.076844623169684,24.845852326727904,30.98027039649721,32.20020129517316,27.29643910613863
66.32777166894424,75.42510252549995,70.46700570599829,66.4862248767691,16.767884144416435,18.679070798281543,17.45067513980389,17.341921256096697,53.57210785655482,57.48297841094716,56.716163157637695,55.933966718079255,39.296124030152114,39.69540952181324,40.08894447334818,43.42500524089336,31.67611948341908,30.405949024684325,31.593267380016616,34.218464241708645
93.67319614908168,99.640308998113,93.30421716209366,90.7852439940386,17.1424932045969,17.447721388540756,17.06624290318344,17.442085687340192,56.882838666988775,54.25761871197042,56.36021792137201,61.326958164532215,26.89657894189211,27.948532790151937,28.185222272294432,29.12667760789329,24.989340505731334,25.456330741575407,25.68816985704976,26.074509634140977
59.93875139416716,58.831867138098985,54.06382178589352,62.457283593112855,15.678191943492855,17.05537830596187,15.937420643481357,16.69730446789857,46.007974720354085,53.58902142958109,54.83876817465829,51.64423715563795,27.737542154242,31.32733094220117,31.23683284836117,29.82519647866073,27.003278392111927,30.46429690523988,30.50855497879845,29.381707471169133
116.06018651202544,126.238492135337,120.66192078316152,120.73501374387207,20.78963580920447,23.05868412118817,22.001034766119037,20.923796868230816,54.68071549787245,63.572661843925744,68.82754989269709,57.66408702020644,35.32649925573142,35.337012091891026,36.86767277973156,37.98459964974836,32.716865856582345,34.00082640923878,35.89629608768222,34.419912680799484
58.55035547049228,57.07160771406735,52.76281718443027,59.64358123592826,17.191944602342502,18.568336056257102,17.208873103951934,18.422035246903366,33.710002690862254,44.41668125266268,43.82343726940399,40.9861101508592,33.09010183762321,36.97192793741096,35.856068753600944,39.45973596644689,27.73594843199063,29.7282056715074,29.233175806927303,33.205842508608136
37.77708347545802,47.59033298317412,43.9751476869535,38.51535546133805,17.357060629117978,18.61746578099368,17.676625364987387,18.237946054475767,31.532666980850923,37.45870178471717,35.93362130084214,38.139422733045286,24.97795750811688,26.796625277526196,26.58042942357789,28.48974073646769,21.08600886512105,23.21156066973274,23.191613398935868,23.588582128995
69.46650726525999,75.26468743445949,66.04505635064054,71.90695431003228,21.341365875160296,20.6576302531916,19.987563864184683,22.2230599340748,49.50407676640995,50.89642282468369,48.624261302077606,55.944502910823694,41.01147594803784,35.44270983309653,33.44931216545248,46.12102988962778,36.16063051068143,30.94076427907969,31.1484304425772,42.751039252891154
62.54057964796366,53.94602135189412,51.12069061241701,60.21108801236288,16.701194306731814,17.67939446624729,17.430354298541506,16.146148489880087,35.13667117743128,32.6541803032541,33.19851227786157,39.34079233103829,29.503547699658185,30.735743008450104,30.759575481060622,31.77374554505716,23.204992661257894,23.0360340685113,23.756042152022022,25.29785993898328
58.63003458314755,51.57166643841239,47.84626777282102,55.899917715906426,20.541394670867067,18.61697308629224,18.42810181227619,20.53340848256276,42.56097273005448,40.464861065684886,40.07015794851879,47.77658488921854,31.19984842460948,35.30367325277546,34.85298819017773,33.21816347438985,23.38628912236881,23.422347232163915,23.65720967342445,25.66515191689341
45.60621680541812,44.81255416340152,42.7080072049365,44.60589860655382,20.011615033824093,20.6921351783039,19.974015641671457,20.137130186425157,30.98514571962022,33.65725638692166,33.9005521246614,32.80792834979596,23.98008471679427,27.163655442083048,26.60268888754221,25.39899233193513,17.838573326344026,20.53757011840166,20.373553083289448,18.92029917929837
110.65883313881488,121.22674710655446,114.0791721848291,111.9090684994235,20.47157311916659,21.05775931847352,20.79547554576793,21.053677997897925,49.44845834272073,67.34417804516791,67.9562396921853,54.81824492353557,30.37627020905776,36.48969618349391,37.272253577867374,32.96580335653864,30.051365076159883,34.81879435185613,36.19604717275953,32.75186114351302
42.865553794654346,47.23063345731157,42.86023975296976,42.98164576583405,15.050019541417154,16.369524794640164,15.10358966475823,15.19573411422921,31.31340432060432,34.189522618631,33.32914684710867,36.33816500515738,21.97469213558371,25.58009154517739,24.356461751371523,24.588693421648305,18.4231992048719,18.95660200716812,18.74757418589598,20.13979495433665
50.17816812812043,55.71661817251167,47.48767933396895,53.81954607444598,18.33797290816531,20.007841417276627,18.10835206582995,18.87969913530458,29.282514311972555,38.920707737689725,36.0725930065374,34.925240162717564,30.389388786863748,35.31673051388409,36.94791542352627,35.13866501598108,22.69454692216916,24.6095958994599,24.82015670953072,24.95764659696086
72.50856970410221,91.7747474257931,82.25972270156294,72.73781638662423,13.849533539141143,15.617805716186226,14.711873658228711,14.26939191097145,47.88770611843091,59.9292632452926,62.78451828651005,55.35847190738192,45.39444011763749,50.74244903124026,54.1056267354926,51.79489605349867,39.59968195875231,43.44568575983657,44.41370562920948,45.9976100356261
41.79292432920517,41.3668000585018,40.86863552257868,40.45213791533904,15.48570034735407,15.770299690287652,15.177268321890484,15.47574232220352,27.76133984109328,29.219587987905744,30.18753884769824,28.73668594611716,23.65146288717552,21.5209873744097,22.051417265875763,24.77000264719596,20.444034642396776,22.677184893568025,22.711938488265638,21.81641313032233
68.50026644990731,63.59239919583732,59.57596018160859,70.12533878194628,13.906278533524745,14.402678387021894,13.74611049318388,14.089842790421448,36.48410262702503,36.5078398206068,37.064546206660914,39.18716485657438,21.77167468214627,22.037284466381813,20.990110721181,23.10664567863083,16.519981940402175,18.26215150226188,18.36333995095376,17.64597929686443
74.61415585455724,77.83519866061658,71.8660604687643,75.1718281449638,22.061371898214063,23.156898742186154,21.65059527491473,22.98579668266596,56.92845213935559,63.79753236073645,60.76840316951205,63.94365957792856,32.38237854476276,35.970462183593284,36.06976359368258,35.18905953673254,24.87041232332692,28.18283681561744,28.319704504989847,27.048898514261985
48.46978798677951,64.60347511783056,56.5063902237788,47.57583446791849,20.882880340686025,24.191626140286555,22.958756650086706,22.14711042565227,43.06847948878705,64.08999925506185,58.88732642509187,56.5111595743796,31.60314392861098,43.33829996804652,39.324147106298106,38.87221588481781,32.67714741263595,41.67203436284019,38.44564788369125,38.42280344471878
44.94584440047298,47.38942737948559,45.4814527600849,46.67578366574177,12.024403841157213,14.45238676940008,13.619659901799263,12.518133680480773,32.44608170335933,35.934340956454776,36.14819201911271,36.15415644432166,17.716162995278168,20.28939746693528,20.231774469865577,19.60130118612852,16.501748088260403,17.69327600955322,17.92605114166884,17.85046455516143
55.47280953877134,58.27227478355666,51.59058060559911,57.67313403865111,20.903896747421168,23.766511311789703,21.74712580084884,21.67886481634897,30.95598647020144,34.60458134374013,33.51096733549983,34.323336626691244,21.646373249026727,22.192869038517777,22.05499263364429,24.171493598108963,18.45252004040644,19.58268220357069,19.688239479532548,19.701983735870723
37.05169078133456,44.06091047855648,40.80638086082556,37.74137955389455,14.346654223621805,14.326972446092734,13.223281636456322,14.230555586971054,26.648667848651357,26.231034071116863,26.926523408572734,29.02971580390916,16.493464483135995,19.30855768257513,19.72561131467677,17.73343856229659,17.144949721001414,17.808296088034542,18.201261898153305,18.794596932179868
34.95797992536388,31.83802758294145,28.499503207517296,37.612251171523575,14.42238507890947,13.268562055443748,12.556205743905046,15.513733799785667,23.000011340974883,25.939196059035204,25.32593998717469,26.3264488321611,15.456048152372158,17.193022641318947,17.69077045397544,17.03717092208831,18.410404100402328,19.582943662331008,18.79138882354781,20.78289587778808
59.4404377990912,63.92491053874157,61.10406486471972,58.68964118475521,20.21191568681515,19.667282355368503,19.226059830889778,20.118007024427587,47.796443223951066,47.31030218373812,47.84119173166621,49.65647115381288,34.02919452459637,35.27620227285192,34.78394572334843,37.454638468159565,36.27398911679942,37.07446250830263,37.51903355899246,39.168165907088365
32.661086650716314,34.88160157209895,32.531263351402494,34.124991763100056,17.165212024535833,18.96296215968477,16.68875956057855,18.67380757678554,32.52505134245996,34.1992241815299,35.40162344036796,36.43160157115868,22.328828279298072,24.77090622488806,24.12113199633259,26.538509798218303,19.94214403904992,20.328269056512653,20.670143955498588,21.152882206157923
71.37925482384038,68.74407484129895,65.71875004114516,71.53138871360028,12.711801005821927,15.033164426735995,14.15561601465738,13.10769250721869,31.473961214236844,36.42705909170592,34.92520685542891,35.46250572897482,21.083681355413567,23.75884593896472,22.24941915125591,23.057128347581425,16.763659028527574,18.09971507373638,17.545125016567205,18.038558509732805
90.25218635125364,93.25008742273565,83.97519756748775,93.81776021327828,21.44398595564352,22.859790889400216,19.808623297721223,23.599512007380937,62.06131242951697,72.22678102576319,70.98369609455482,84.46848270135986,50.19126976952192,60.85406045571412,56.89816570744238,70.59524395715802,44.895165239815455,45.35259652298516,45.16887998484587,56.27015239881238
63.14308774983056,64.79870569216858,55.613551031094254,66.55759513660615,15.211418687701345,17.28796154885914,15.760094776911158,14.880161700749992,45.9222867842224,52.97519776271425,54.80099564971536,57.38269050318423,41.344565842096266,48.46658705333783,49.91332970662137,53.33848447724969,39.09532868238372,41.15787709720269,41.34860753781727,46.14510665758707
55.0687078010136,59.2309532060923,51.913246752458825,56.2890719269158,24.00401210264414,26.66495058425876,24.33710299365285,25.243454262742432,40.28917532152845,47.15803552780963,42.826255693230415,44.875399596865634,22.287427746905845,24.180554626937585,24.26204286054967,24.84008922265739,19.033495931887348,20.500795803275334,19.827934558796,20.59613772275853
70.14580604898923,74.11014871236655,69.16180537523095,72.26398625104255,19.54661571365763,21.173438348056624,19.11940636583383,20.331317819799395,55.73474032718308,57.91490296379386,59.00082134430172,62.945011072576015,54.471158825753406,58.77721681038849,62.549437311827546,60.348022138685785,35.46346960297958,39.76330635723556,40.63073319439751,39.75366604974453
51.77575884822328,49.8438686349698,46.18975174727361,52.08943578258293,15.804039766252336,14.996063782289886,14.69495579256226,15.617161550987843,29.862359744111515,34.319016105074965,34.9239078959472,31.05127462451194,22.321408403513807,25.32049413925737,25.797941072812947,23.89626161050269,22.627762461528004,25.28623994687428,25.835333699743074,25.205307714919737
42.3117764622603,46.8607354743097,43.7691396622559,41.09078283614293,17.705745790605416,19.993817055576987,19.62332953885626,17.980013302452303,36.261563504814966,41.04777778390068,42.59686880599903,41.94457507986933,25.899924043317355,26.56574369429459,26.98214400150938,28.45398717931973,20.218267990039667,23.6991148268198,24.020981076979403,23.50228890141587
35.44666474757928,36.8297285763153,31.10608441722894,38.03435092899424,15.91831542495822,15.375307501161313,13.442109076975232,16.237118251899215,31.492749274386487,36.04898410221542,34.470952931033786,40.17607370485445,37.455567187368736,39.948774265862085,41.61982682747977,48.06497903696616,28.162021358805188,27.75781885258298,28.306257826489183,32.98765258913694
43.30439113116249,43.99262880914787,40.630868814327314,43.66138117631489,17.66033986232749,18.245291753288328,17.37858456498551,18.028020505972,33.48918667611588,32.825806534174184,32.146444916076554,36.98867984098971,21.80495737067729,23.96743567416841,24.02244151865913,24.11173681340852,18.983295498881237,20.542668047368068,20.888586901436238,20.387780614271893
45.69108620971499,50.91896186409029,46.57693498147357,44.49013957076544,13.3752624586299,14.692766236650929,14.221658979050597,13.812406331148742,32.05214387802836,33.29517789633208,32.25163300914228,35.86095042382407,17.575269085218167,18.593738041865603,18.6878104866475,19.35147788618113,14.763068024262596,16.493547062658422,16.447802460701396,16.216551825736765
87.9945092704144,88.92072878580984,78.69094618546666,87.36557763442077,19.159343325069283,18.8923429362994,17.35748687366208,19.256327873181384,50.94759609486383,60.4708774274408,61.83533731670688,55.398847601186425,18.972400090195062,20.52994762318084,20.918030815925512,20.584954636591124,19.491116198467758,20.412897376734826,20.74669132581932,20.905730894750796
141.9858067828588,130.87632537553193,119.72891669154488,149.45547747889236,45.46122305924778,45.55747580781622,42.12479773605197,46.86580805020293,120.8000864368864,114.20642373072806,113.75303853813575,142.580407143093,86.18135028000081,75.29265015834316,72.93022028817181,107.03468315597556,47.49770031250022,47.72328279975506,48.87583879658929,53.273032706882304
40.666465314863984,45.03031157549893,40.16294342251191,41.71045233257644,14.1334025881582,15.98132282963111,14.963263780858496,14.617399871981958,21.90020756717717,24.406936446975216,24.11276010123524,25.4878193251947,17.928534451676462,19.02949842742567,18.387795117493106,19.32602672734157,15.66749751603215,17.49019943482688,17.13141260227172,16.943904159823035
57.77164305395699,63.76471650773848,60.67294226981425,56.5032917088836,27.909805024987783,30.873427974250397,29.47943027717453,28.253262419023336,46.39112341516969,41.877256692928015,42.66430642851168,53.62774856988494,32.89929136459309,32.517925667302315,30.63376794585549,34.592199746303734,30.92580763723852,34.256805323749546,35.051719968919144,33.419610742955264
59.98509914388763,60.41971737967776,52.309493643932925,60.16178291175922,21.223651075422147,20.883099411968068,19.35288513166396,21.946533909414605,46.30042755626529,54.91724561197616,51.26284295153794,53.979021788561056,39.5188808899365,50.19462051010581,48.8621019487857,43.13642720132708,44.15537747615471,45.32229808489785,45.86631818296932,48.04263804190141
40.52618888681713,36.84090834774871,36.12570499085855,39.11121498301583,15.764660799993663,16.854245843712185,16.54599368491818,15.39345637950028,25.53024005604496,28.96100720216562,29.476843923289373,26.155675919511065,20.306833996687164,20.408580969154706,20.93507918306304,21.205457652301185,19.38536785199426,19.97132995473956,21.270691335551906,19.80202672322785
69.48635150207157,66.38127541747185,60.83969849949846,69.09597782143884,17.533349406088846,19.28595383538053,17.958412397920743,17.62459900722536,39.53411925840677,47.62691654747188,48.06785547861848,45.10269855062854,29.26687993735387,33.77239603853117,33.98549250482887,33.49322704864296,24.637446520723262,27.51330889688407,27.82689710317221,27.394749522489573
66.95255676366531,81.97790787193597,75.27247575032357,68.33043130045722,17.9602064859625,20.661748099703043,18.921102145587277,19.279439386061284,34.871332303024346,42.389292293647735,40.57290352304567,37.70806476274128,22.428190245748503,29.7652835658927,28.712962633337764,25.843243867088788,19.1552234831208,22.055118833685487,22.36831107745576,21.242472915548618
67.29644411916489,73.0686550208697,65.94913621034897,75.10110395662011,24.63483271826155,28.50059039802325,25.54998136110885,25.833455082865072,53.46389299969549,67.25281662144552,63.97376099446263,61.7318124261404,35.23729153465744,45.27567397147641,40.48367821016758,40.09901981766251,30.077836348451463,32.37905115407105,32.609336289749194,34.31445069035832
27.78915943022289,27.55898248698584,26.412618195356263,26.850633158743207,9.425038495545696,9.517312937999383,9.424847493616769,9.341804683414262,20.723046195057737,20.888054023922017,21.413240122450286,22.77531123659083,14.880179439295611,14.250882957568594,14.800089757803615,15.497578625644753,13.470479449292252,13.33685624847865,13.82799493947886,13.85906965458032
68.40489024371395,61.87860751115674,55.08207515546612,66.28044212687409,26.99527060411433,24.347305781692786,22.69983389109821,28.665376548236768,51.21434451128973,69.99845479296022,65.60950565198625,62.11356630716471,39.967075078572265,44.13594805660113,48.307546720647785,44.098797065476624,39.43529231954453,37.69407844540636,38.47424775907631,43.57423510616011
79.271604056218,82.42734260680358,76.62686804244768,81.90531060668863,15.7051996004996,17.059217343160512,16.586517618861315,15.564712345381718,31.70241951813293,35.34598585635951,34.80205435767105,34.8899189854561,16.46868572603291,18.22164734721126,18.13319827671095,18.09684130653941,16.05849454371564,15.80415280595775,16.693347874829332,17.313469381638146
29.313891988929797,32.54209260985435,29.9818538539306,30.06117529342541,14.26947356132051,14.34173637488259,13.30315851866119,15.036243557548666,24.189988159532668,26.22081082962951,25.03881037919934,26.8327655883707,17.756923623433952,17.800485476663944,18.0919362448386,19.67423274866112,18.35291413121429,18.49629775993707,18.25724951550805,19.72210792642006
37.60646760486804,47.59086626788176,44.13787377650518,38.23037153934373,18.552445372371576,22.006485469416997,20.52155978544671,19.36165388362748,28.64014837094508,37.77910104325093,40.66524368246289,31.63064275073554,26.06043272870182,29.60810590543589,30.04705933759028,28.94141098799448,19.775742538754905,22.91502988564045,23.255681395343377,21.53814202066625
69.69999385791759,72.39100713548797,64.00030590789959,71.60127770532087,20.308310715963103,23.16072513546549,21.51096372913559,22.14919623549321,70.03932122347608,68.97658040916845,64.7861621435424,82.81141341603693,47.969649741428846,48.83718973684465,46.78715555226037,49.27867615261107,42.31324932328366,43.55460449473337,44.32257456370954,49.69790133803802
43.10841097077342,54.39889554039222,49.82628385521195,43.005508853823805,15.121565624769763,15.981677186277809,15.551796295798052,15.60531439635017,34.59878181607267,35.97574540385989,37.768365939162514,39.48198259159984,31.45673679762003,32.83196639611368,32.304733455384024,36.9847204168893,29.31519895666568,27.717306701016398,27.97730036980296,32.89525989723805
52.5881242851184,44.62005587131258,40.15928571297196,57.57476554168384,16.535767792281607,15.690131833040844,13.886972440383063,17.99625462847432,31.129135299904465,31.04721793550293,30.712155993170896,37.602953065521184,26.038943605370115,30.10064914107329,30.37105622421969,29.92980278136896,20.57137913378869,25.57032318272704,24.849229072470933,23.9354513413324
62.78092583033856,72.22674658535838,64.01425402745863,59.40850335813015,24.978576857545743,24.886195911029507,24.041899633001098,24.597652802775627,45.681882041644286,56.466634360254645,56.72362789607478,51.2734527576414,51.57676938288552,58.36515525525944,57.08178660652787,58.55878761111669,51.21598073789397,53.66542892017559,53.03893052797918,54.35350754025213
57.32006526557376,58.01379727112678,53.09646064219913,57.08902724441288,20.01548003108011,23.19081166262476,21.45457685723058,19.021855141447684,50.50190897281137,47.26758286938991,48.75143944304683,56.32134372121195,35.95170273109953,35.559743557156175,35.005886847219514,40.19430614940771,24.295662634945263,35.73978949545056,37.42800117776782,26.64990681726903
76.93499422940071,87.19302940018451,83.9418888197094,76.36285796172416,17.363683085343073,18.89789303118728,18.07904792449908,18.200754181511755,51.93206332722232,57.99756128369548,59.19532060696692,60.87228616017034,32.32474186942081,31.844799276331383,33.62345806104512,34.66868831343436,22.696181043091197,24.751955717357447,25.02031705720027,25.457301842050285
79.4250299047542,80.32019929779176,67.27052084170494,79.16643965971087,20.488233195717957,21.13343433140926,20.0280679160377,21.69687468067764,61.91213542914781,73.35603679274483,75.23817013609634,71.10375363019988,28.858053006479008,33.24659197265812,34.79021590143351,31.99195993311977,31.351666980549385,38.06449615161301,37.59254585926071,35.8213946903992
115.305354523084,101.16637641565354,92.86532645769616,109.81076895080942,28.66044256618654,24.11111021477311,22.49133429592933,29.22744028002163,58.4317920714336,60.71704931094138,62.6885506297561,65.20906391748183,33.46225799353421,34.78664939170391,36.39013230889946,36.71374915989289,39.483855870438354,34.59278531830084,35.796601702907374,42.458284096698726
46.77129593446207,51.51522345788696,49.95551015880167,46.63375959802806,17.79899166315569,19.89422326499972,18.80872180865277,18.128685322203857,34.175390982190784,39.36804005081565,38.19085184340816,37.205425643953525,25.619880333673308,27.2136143268221,27.26457513319218,28.096632485230867,20.234393871007985,23.353988966139436,23.49119682272941,22.470714785434843
57.23337804412761,59.61543200761326,53.86963819541703,56.79207338160485,16.67315759283234,17.936042037606725,17.06134057161612,17.418963037353503,35.22289477685718,34.704753600181576,36.215037735096566,38.59595425882736,20.45637018377297,22.33156478123074,22.193620400543484,22.577204273438724,14.854200967235563,16.98573471710759,16.67617503546356,15.97045970665738
57.96629146770622,73.54022158668958,66.41312603328267,61.41975777135012,17.992556475567127,18.94267318129555,18.040493940925582,18.552060553815807,39.47511152567804,41.7105915564637,42.19184006961248,44.31867539221261,27.29865190842177,29.903369108392813,29.30542956013317,30.726130212500124,22.34074036562873,23.69120571387269,23.23663245733483,23.410511459373925
42.17373718094247,41.5675261309046,36.227248746996935,40.76079679145133,10.56002799843682,12.468343131970723,11.45825796325473,10.951056712681744,25.799718688797054,27.7955007111034,27.197865460116983,29.751370392659823,17.60855035476699,19.033073908233963,17.842792848233735,21.48912692731465,20.544117833627688,21.53672991632445,20.389807679346863,21.74567925660616
33.737685755594946,38.95492671300852,37.84747374429041,33.36490842183588,12.655699076365314,14.699104581878943,14.230810051409351,12.397628061054744,25.50026150861716,29.738427973571287,30.76831110351787,28.54684796431988,20.59178256810572,25.978013545555303,24.658114130492606,24.48278923079036,19.475266930996224,22.78964566696374,24.3453728433586,21.063147069612675
64.16029635323964,66.79089014494447,59.73921715473301,59.52657909146161,22.434698850709815,23.458578389979245,22.15243887168592,21.46899113031089,49.82084333585425,54.65535157781413,59.1147886975257,56.65042936196876,27.241729369579293,31.481308465263048,32.1601746259223,29.96345995199909,26.15402343195609,30.114294862340877,30.085618014685004,27.5797204448863
85.61663910290774,72.37920269507251,65.7212883986682,83.78165531329695,25.301756575016743,24.16428524376901,22.872695150939748,24.634656516837303,75.23476195954389,65.40465874771242,68.94705097613462,80.15640570832697,48.14239350483723,44.46636441317276,45.08426037442558,53.47748279981354,43.81159047421987,46.33196533987484,48.76237814729521,46.11545519858455
35.41019148786778,37.57218797972857,34.45754292262549,37.483082006173504,16.780001779419585,16.86234077485512,14.900162912350586,17.831935554770876,34.67551642042482,37.15712186525901,36.07482057279287,40.861659527143736,28.159805710759247,29.076215179183723,28.50739987177369,31.75336654382512,21.466534339839438,21.375677572267666,21.46640638970537,23.701437217718823
70.59773502133537,75.44136067967875,71.00014796545028,70.55607175426807,10.554948488018915,10.84132686114009,9.838683175030646,10.610725000051405,57.30129102530228,61.1734203778625,62.54866184334029,63.65131416091395,28.30662900950023,28.26755330585436,28.497994799381576,31.29375330810941,25.429167088483187,25.022673464990653,25.66247191334369,27.52290738850618
80.21907531931011,77.10874907418446,74.18811102329886,81.74795114937362,16.847223204551586,16.575290543810993,16.0215180269705,17.229017889812933,40.726836359755936,42.18562386871007,42.64613300176962,45.383283101816986,26.311238471816036,28.463839193273373,29.6020850861603,28.589990362341474,27.884803032088787,31.77326829521167,32.0417297605728,29.86058698112984
60.38604744649575,69.0268226393799,64.698579518136,62.35242011817526,14.091569566298116,14.262681169552868,13.3029016118096,14.385045984920543,37.70776808390208,38.18692761391535,38.643981709160805,41.57178785167891,24.251153050659106,23.971676046445182,23.277936918839263,25.600500064667283,19.28382961644734,20.22811366523497,20.226527040042185,20.870989215046126
65.20533273166564,63.84610281054196,56.51355787451509,65.59827528021549,20.942013263291415,24.206598038811137,23.23764076738169,21.138352580520426,50.46886835702893,61.94160540343155,62.21785007397256,59.003128359690805,38.643345986808434,43.85280689030816,45.46548290729631,42.63258170389686,29.89234890349115,31.284905798581484,32.465674532324215,34.92993680842474
109.6519133725852,102.7473638590334,95.9269257857002,110.61952926902856,23.0445211091436,22.88800216157486,22.76541982067516,23.52815152365449,85.1969674068931,79.49808224875483,80.23858592388973,93.7785351240589,55.00986701569294,52.87539906878551,53.03301277983592,58.99288815061156,45.78497647412252,45.08283079002685,47.28016127117461,49.07327552637413
45.96909453091878,40.96219564121895,36.51570051175669,46.14553573176162,16.100085262676327,18.572927460465127,17.232103062199798,17.105271683511795,32.01485818429277,40.97297888823184,39.0141149313419,38.71600573595725,29.142285722788223,32.937088812285985,32.11979949585224,33.43710476427431,24.374202888307995,26.660430841996007,27.030190105320557,26.65679526225687
46.99513153906866,54.23355011061648,51.399630579190514,48.20747203218209,15.43013848483459,15.222640160888895,14.47455972461847,15.960597120920951,34.94938797590775,35.71325634149323,33.49431308168407,39.969762316805,18.304211959185498,20.15786705811448,19.687676202540523,20.54123305564855,17.787431580728597,20.597453779310325,19.891036121882436,19.44560050979479
52.18679295867211,56.78465378989173,51.59869934527881,53.66339457992099,17.428588206890527,18.55078672864563,16.675037963983506,18.32369914368957,34.938090819046856,41.568328886767816,39.59801088392904,39.16600879182551,23.96797853710227,31.225455230628988,30.11770546397161,26.51957902292125,22.201887061931757,21.81533645917937,22.59913916804551,23.202342744414103
48.06114022962921,56.16860565834685,52.28129059186431,50.56011059130858,18.243125573654297,19.72503286003529,18.838431637038248,18.79816413161474,40.08760638279504,42.56421999845228,44.63872990719025,43.28898961011112,25.565275828524317,27.17493305586791,27.71634190295987,27.882562660119067,26.847938182590344,25.871071892764597,26.08737505081377,29.315219924537423
71.86513522770315,77.0679102926964,69.93609935463452,72.93926256681773,17.59903559434386,18.31382415153777,17.512614964703797,17.721942181461625,42.051334616962606,42.91942628645024,41.99540771628266,46.45230620075494,24.455230048309076,27.574887862769884,27.844138741653893,26.883481100093636,24.11990708019381,24.39169525190521,25.37861738711219,26.246504689078076
36.78077254866123,38.321838733714365,36.231057974133854,36.05953140015692,16.55037307264097,17.4481040999447,16.656116714888178,16.82017645764017,29.702204981859943,29.990425808040868,30.140304170386543,31.678974334360607,24.37359852446757,24.81571299991261,24.78787361806553,26.032202407753736,17.71721899235114,18.835467525066907,19.03758505416324,19.222246446032894
56.76361883228776,49.80296982964137,46.03356190453052,58.231887380783455,25.05563272218068,22.917821837201597,22.376616132462,24.27237621635335,27.863742668686243,31.57709188001412,33.07706340231595,30.68672136961582,21.639262700315705,25.25933608205474,25.037126975429764,24.55330414657541,19.88199443487487,22.112303781292383,22.325841935204632,21.657688893059085
80.54656224143108,84.56169644188175,76.13903037305137,76.40346885935892,28.612895769799827,27.24636714748228,25.783558576390085,28.13010601252939,63.6213341274726,76.7141717675712,78.1748319678919,71.40519518240947,35.425712106869604,39.4774362593284,40.45905364250208,41.67478655597952,38.86316224158092,39.45833420915237,40.78413670433996,43.12199014373402
32.95813322082493,42.12868468579072,38.34475113289589,34.43022139563677,12.6650110369645,18.75554995165506,16.364643121332826,13.530441642320024,32.7580774205092,38.29173620299691,35.97004196075023,39.87885879596018,23.53945186709736,27.86523743641417,26.853891816577605,27.383929101592617,24.65054320214009,24.112150722355327,23.488799829265226,26.42778634848091
90.8999910709542,84.44786303035245,79.33206873891939,88.40468895207216,19.427425861710127,20.146657754501355,18.41294572822865,19.74422026294601,65.86337316424579,67.19021571717599,67.27927845563953,79.93037695672163,31.02919872774765,32.806661207082065,32.5612931460685,33.73294031161735,26.711406526038655,30.80050247445159,30.15291106511591,30.082849375550094
66.84881560047415,72.61254139147341,71.22058411859655,65.27819163323858,17.267006808515262,18.96982194295948,18.503628401263416,17.78362794128453,42.71408651986784,40.80957209738789,43.83710580528175,47.63319635484381,37.76211720812339,36.237519892023,40.04564169370486,40.85823042409756,31.12000786832723,31.8412386436551,34.820886379465364,33.63929429197195
70.03057166410012,83.02531689404756,74.2164877186315,75.05052006076748,24.42200083974321,25.71538333017632,23.4982099930786,25.174000101327767,41.58364367989712,45.61630840858437,43.36238174456956,46.67010854002767,27.752855811529308,27.861935767645047,26.54912908771931,29.70408873588965,23.07236075326364,25.36270289816562,26.155401536990382,25.684195340068342
128.71070773601448,94.31380010553087,93.71188563809388,123.2888988697692,21.624734106963288,21.425470841774825,20.685367674874445,21.195161538858432,46.94981993978917,44.81259690000386,48.71736037078541,46.61169488553998,38.87716523630289,33.629743550832,35.71885945610991,39.58423900408656,30.51473834070356,29.92438718320784,31.832767608823275,32.295068830303954
37.12852732974088,41.43116418376141,37.618197067085546,38.560064780551805,15.92462813076584,17.78139362942455,16.89046204173308,17.04739798924597,24.24385735837327,30.899967693866564,30.66494120734351,27.204149643667,20.49263485114973,23.078687631967536,22.585446882719356,22.31744930683777,15.201872623158602,17.266776270641472,17.125683081379098,16.415955769685258
31.66174340470994,34.866959427166755,33.56865417344383,31.40246959862508,13.13882433744984,13.28145946693244,12.393277850253751,12.998195166148156,22.491597052710443,28.953544029546883,27.80092872437604,24.92746080519804,17.53561526221465,21.490356580200928,20.012984398089596,19.291978326061304,18.36290651808859,20.25513431893628,20.11811254785061,19.654002774711213
119.87464494833694,106.67607897939692,95.00955727844789,111.49515662108834,20.319207865360937,21.049165871870105,20.51104313067658,20.506921094729066,122.65923889914728,121.69645667635736,127.68849172660764,136.39368730210424,107.3302438944404,87.84496854419301,88.28934485783107,119.32072694570276,95.07563360413717,93.04417486888384,106.38069639505945,106.93204371414166
60.15518517763389,73.10852497063095,70.60722880140902,59.3478553702204,17.408450803480257,19.36130767337225,18.84483750810569,17.4700991391112,34.683065275352625,37.15060225141968,38.84400549714511,36.021414105314086,23.480955306510868,26.79296473753781,25.797178396238515,25.233898680276784,17.8784305630422,21.261524350425223,21.599974968809,18.989764212379647
52.69282024298727,47.64576981338854,44.11181528462533,52.13468574858046,19.92302554347412,21.17013207381304,20.560768319084566,18.77656963446545,38.94934527835491,41.49822058862812,41.48794205105172,40.99749593744964,26.77379500092953,29.619621573148617,30.452598049295567,28.317125379942983,23.41624436261472,23.12098468342691,22.93768674300673,25.42763324991525
55.46241507448229,56.49601760250696,50.61317808824792,55.084334007277214,17.52100104015209,21.00865532587923,18.84282476979626,18.15157292181005,45.07658629496371,43.9713943989172,44.7526241641782,52.83693809423694,28.38055754082168,31.69637333810745,29.662610082321,32.98354738284516,28.529769766574898,27.587375409710333,27.28377751798893,32.73520952280064
54.8454104641395,55.20976664957523,50.9533054358736,56.02253244596588,17.238834023311398,16.54462881539768,15.702608681567412,18.046835007562937,37.07602708691405,37.55803715109252,37.84974774491239,40.25745062556367,21.96134677200328,23.115731894083456,24.00397204166036,23.89079281615096,16.43884044175689,17.696554014420055,18.41955384619825,17.77198461926822
85.59680035702638,87.37282662789482,82.1285821949376,82.43217719221501,24.465540688808968,25.52391656727776,25.052801334932905,24.137648557072957,61.68258559924694,62.16399670053371,65.40793350371092,63.92506294778665,27.466460207037265,26.924071162966303,26.77219920594808,31.21066605813689,27.23704692433794,27.03561691860844,26.952658182387346,30.241645975592863
41.46231121341824,46.65027327793464,40.32602036646872,43.34150320974919,10.12749711701585,11.218577032009051,10.582459380027789,11.147224128167547,35.63725843951973,38.39166965062294,36.40056245589268,41.59105033142527,18.830012083901355,20.875582597598697,20.407340231728064,20.20450558311062,16.81627494417486,16.793321273340105,16.661577910559703,19.53252811702361
84.77522949207358,83.04353008729849,75.52371237685952,89.31392933018874,20.19426214616391,20.95996567006404,19.99254910106128,20.23301418099286,55.84072132081629,59.48966232884213,58.570013735402654,62.7135156117718,26.522550886790857,26.992625466176417,27.183791304524053,29.020941018832705,20.57739305103687,21.5497350449428,20.767219128111197,21.911843973185963
